<?xml version="1.0" encoding="utf-8" ?>
<dwsync>
<file name="richfield_logo.png" server="ambermarielyon.com/richfield/" local="130590294060000000" remote="130609015200000000" Dst="1" />
<file name="main.css" server="ambermarielyon.com/richfield/" local="130656776180000000" remote="130656750000000000" Dst="1" />
<file name="white-scratched-background-2074.png" server="ambermarielyon.com/richfield/" local="130561407600000000" remote="130566795600000000" Dst="2" />
<file name="mill soft.jpg" server="ambermarielyon.com/richfield/" local="130590122900000000" remote="130621177800000000" Dst="1" />
<file name="tileable-light-wood-textures-7.jpg" server="ambermarielyon.com/richfield/" local="130251910920000000" remote="130591638600000000" Dst="2" />
<file name="visitor center soft.JPG" server="ambermarielyon.com/richfield/" local="130590122900000000" remote="130621178400000000" Dst="1" />
<file name="Log Cabin soft.JPG" server="ambermarielyon.com/richfield/" local="130590122900000000" remote="130621179000000000" Dst="1" />
<file name="FB-f-Logo__blue_72.png" server="ambermarielyon.com/richfield/" local="130582307820000000" remote="130621179000000000" Dst="1" />
<file name="Twitter_logo_blue_72.png" server="ambermarielyon.com/richfield/" local="130590685420000000" remote="130621179000000000" Dst="1" />
<file name="calendar.png" server="ambermarielyon.com/richfield/" local="130590926060000000" remote="130591638600000000" Dst="2" />
<file name="ID-10025133.jpg" server="ambermarielyon.com/richfield/" local="130608995940000000" remote="130609015200000000" Dst="1" />
<file name="blue_calendar.png" server="ambermarielyon.com/richfield/" local="130608981960000000" remote="130621179000000000" Dst="1" />
<file name="wood_background.jpg" server="ambermarielyon.com/richfield/" local="130609551680000000" remote="130631535600000000" Dst="1" />
<file name="Sepia Logo.png" server="ambermarielyon.com/richfield/" local="130620232580000000" remote="130621178400000000" Dst="1" />
<file name="Log-cabin-and-barn-optimized.jpg" server="ambermarielyon.com/richfield/" local="130619263380000000" remote="130621179000000000" Dst="1" />
<file name="george_mayer.jpg" server="ambermarielyon.com/richfield/" local="130620195740000000" remote="130621179000000000" Dst="1" />
<file name="george_mayer2.png" server="ambermarielyon.com/richfield/" local="130620197520000000" remote="130621179600000000" Dst="1" />
<file name="frederick_mayer.png" server="ambermarielyon.com/richfield/" local="130620200640000000" remote="130621179600000000" Dst="1" />
<file name="edwin_mayer.png" server="ambermarielyon.com/richfield/" local="130620190580000000" remote="130621179600000000" Dst="1" />
<file name="philippina_laubenheimer.png" server="ambermarielyon.com/richfield/" local="130620200920000000" remote="130621179600000000" Dst="1" />
<file name="Christmas-at-House---2009--Tree-optimized.jpg" server="ambermarielyon.com/richfield/" local="130619254600000000" remote="130621179600000000" Dst="1" />
<file name="Sugar Shack soft.JPG" server="ambermarielyon.com/richfield/" local="130590122900000000" remote="130621179600000000" Dst="1" />
<file name="Sepia Logo_small.png" server="ambermarielyon.com/richfield/" local="130622031360000000" remote="130622040000000000" Dst="1" />
<file name="messer_mayer_foundation.jpg" server="ambermarielyon.com/richfield/" local="130622072800000000" remote="130622040000000000" Dst="1" />
</dwsync>